{
  "scenario": "SMAX",
  "n_clusters": 1,
  "clusters": [
    {
      "n": 2051,
      "area": 1171742.3027200208,
      "ratio": 0.4999230715267398,
      "mw": 52.72840362240093,
      "nearest_complex": "양촌일반산업단지",
      "dist_km": 2.12,
      "demand_gwh": 425.7,
      "pareto_layer": 1,
      "smaa_rank1_pct": 100.0,
      "smaa_rank": 1
    }
  ]
}