{
  "scenario": "SMAX",
  "n_clusters": 3,
  "clusters": [
    {
      "n": 5302,
      "area": 15157968.368057905,
      "ratio": 0.4999958124114875,
      "mw": 682.1085765626057,
      "nearest_complex": "HD현대오일뱅크 대산공장 (대형 소비처)",
      "dist_km": 9.09,
      "demand_gwh": 2050,
      "pareto_layer": 1,
      "smaa_rank1_pct": 41.6,
      "smaa_rank": 2
    },
    {
      "n": 7349,
      "area": 3105816.065757887,
      "ratio": 0.49994221128581107,
      "mw": 139.7617229591049,
      "nearest_complex": "서산테크노밸리",
      "dist_km": 4.97,
      "demand_gwh": 579.2,
      "pareto_layer": 1,
      "smaa_rank1_pct": 12.0,
      "smaa_rank": 3
    },
    {
      "n": 541,
      "area": 1234214.247449837,
      "ratio": 0.49841163398264376,
      "mw": 55.53964113524266,
      "nearest_complex": "대죽일반산업단지",
      "dist_km": 5.56,
      "demand_gwh": 2572.8,
      "pareto_layer": 1,
      "smaa_rank1_pct": 46.4,
      "smaa_rank": 1
    }
  ]
}