{
  "scenario": "S3",
  "n_clusters": 4,
  "clusters": [
    {
      "n": 19640,
      "area": 13991831.497734126,
      "ratio": 0.49988917085751045,
      "mw": 629.6324173980356,
      "nearest_complex": "삼성디스플레이 아산캠퍼스 (대형 소비처)",
      "dist_km": 1.65,
      "demand_gwh": 5760,
      "pareto_layer": 1,
      "smaa_rank1_pct": 100.0,
      "smaa_rank": 1
    },
    {
      "n": 3363,
      "area": 1916344.8049123746,
      "ratio": 0.4993489429891028,
      "mw": 86.23551622105686,
      "nearest_complex": "탕정일반산업단지",
      "dist_km": 8.03,
      "demand_gwh": 841.0,
      "pareto_layer": 2,
      "smaa_rank1_pct": 0.0,
      "smaa_rank": 2
    },
    {
      "n": 2444,
      "area": 1525637.378005986,
      "ratio": 0.499750081536844,
      "mw": 68.65368201026938,
      "nearest_complex": "아산국가산업단지",
      "dist_km": 5.84,
      "demand_gwh": 5356.9,
      "pareto_layer": 2,
      "smaa_rank1_pct": 0.0,
      "smaa_rank": 3
    },
    {
      "n": 897,
      "area": 1341661.4396057471,
      "ratio": 0.4999039876057087,
      "mw": 60.374764782258616,
      "nearest_complex": "아산국가산업단지",
      "dist_km": 9.16,
      "demand_gwh": 5356.9,
      "pareto_layer": 3,
      "smaa_rank1_pct": 0.0,
      "smaa_rank": 4
    }
  ]
}