{
  "scenario": "SMAX",
  "n_clusters": 2,
  "clusters": [
    {
      "n": 25760,
      "area": 17095580.167330436,
      "ratio": 0.49991160852397004,
      "mw": 769.3011075298697,
      "nearest_complex": "삼성디스플레이 아산캠퍼스 (대형 소비처)",
      "dist_km": 0.98,
      "demand_gwh": 5760,
      "pareto_layer": 1,
      "smaa_rank1_pct": 100.0,
      "smaa_rank": 1
    },
    {
      "n": 916,
      "area": 1359919.5505159383,
      "ratio": 0.4999036084371304,
      "mw": 61.196379773217224,
      "nearest_complex": "아산국가산업단지",
      "dist_km": 9.14,
      "demand_gwh": 5356.9,
      "pareto_layer": 2,
      "smaa_rank1_pct": 0.0,
      "smaa_rank": 2
    }
  ]
}