{
  "scenario": "S3",
  "n_clusters": 3,
  "clusters": [
    {
      "n": 38206,
      "area": 33536820.699825194,
      "ratio": 0.4999988964483322,
      "mw": 1509.1569314921337,
      "nearest_complex": "향남제약일반산업단지",
      "dist_km": 1.75,
      "demand_gwh": 1051.2,
      "pareto_layer": 1,
      "smaa_rank1_pct": 100.0,
      "smaa_rank": 1
    },
    {
      "n": 3503,
      "area": 3520296.314758174,
      "ratio": 0.4999029769229227,
      "mw": 158.41333416411783,
      "nearest_complex": "전곡해양일반산업단지",
      "dist_km": 4.91,
      "demand_gwh": 126.1,
      "pareto_layer": 2,
      "smaa_rank1_pct": 0.0,
      "smaa_rank": 2
    },
    {
      "n": 1568,
      "area": 2670699.334481511,
      "ratio": 0.49602422674410496,
      "mw": 120.18147005166799,
      "nearest_complex": "향남제약일반산업단지",
      "dist_km": 9.0,
      "demand_gwh": 1051.2,
      "pareto_layer": 2,
      "smaa_rank1_pct": 0.0,
      "smaa_rank": 3
    }
  ]
}