{
  "scenario": "S0",
  "n_clusters": 2,
  "clusters": [
    {
      "n": 3063,
      "area": 2361297.8474856736,
      "ratio": 0.4998761621626001,
      "mw": 106.2584031368553,
      "nearest_complex": "향남제약일반산업단지",
      "dist_km": 7.16,
      "demand_gwh": 1051.2,
      "pareto_layer": 1,
      "smaa_rank1_pct": 100.0,
      "smaa_rank": 1
    },
    {
      "n": 1347,
      "area": 1124752.7446933077,
      "ratio": 0.18671955673187518,
      "mw": 50.61387351119884,
      "nearest_complex": "향남제약일반산업단지",
      "dist_km": 8.49,
      "demand_gwh": 1051.2,
      "pareto_layer": 2,
      "smaa_rank1_pct": 0.0,
      "smaa_rank": 2
    }
  ]
}