{
  "scenario": "SMAX",
  "n_clusters": 2,
  "clusters": [
    {
      "n": 57736,
      "area": 3767667.9784861435,
      "ratio": 0.4999956835706291,
      "mw": 169.54505903187643,
      "nearest_complex": "예산일반산업단지",
      "dist_km": 5.36,
      "demand_gwh": 228.1,
      "pareto_layer": 1,
      "smaa_rank1_pct": 100.0,
      "smaa_rank": 1
    },
    {
      "n": 1145,
      "area": 1229523.0818618503,
      "ratio": 0.37524016286717277,
      "mw": 55.328538683783265,
      "nearest_complex": "예산일반산업단지",
      "dist_km": 14.58,
      "demand_gwh": 228.1,
      "pareto_layer": 2,
      "smaa_rank1_pct": 0.0,
      "smaa_rank": 2
    }
  ]
}