{
  "scenario": "S3",
  "n_clusters": 2,
  "clusters": [
    {
      "n": 56449,
      "area": 49748221.670444585,
      "ratio": 0.499993098326749,
      "mw": 2238.669975170006,
      "nearest_complex": "평택·오성일반산업단지",
      "dist_km": 1.88,
      "demand_gwh": 173.4,
      "pareto_layer": 1,
      "smaa_rank1_pct": 75.1,
      "smaa_rank": 1
    },
    {
      "n": 15736,
      "area": 22864284.021940187,
      "ratio": 0.49998442020272815,
      "mw": 1028.8927809873085,
      "nearest_complex": "송탄일반산업단지",
      "dist_km": 6.7,
      "demand_gwh": 268.1,
      "pareto_layer": 1,
      "smaa_rank1_pct": 24.9,
      "smaa_rank": 2
    }
  ]
}