{
  "scenario": "S3",
  "n_clusters": 2,
  "clusters": [
    {
      "n": 17585,
      "area": 13091225.012077477,
      "ratio": 0.49994714491839926,
      "mw": 589.1051255434865,
      "nearest_complex": "부발(SK하이닉스M14/M15/M16)",
      "dist_km": 2.35,
      "demand_gwh": 1829.1,
      "pareto_layer": 1,
      "smaa_rank1_pct": 75.3,
      "smaa_rank": 1
    },
    {
      "n": 2769,
      "area": 2110565.1687512975,
      "ratio": 0.49999198318557153,
      "mw": 94.97543259380838,
      "nearest_complex": "SK하이닉스 이천캠퍼스 (대형 소비처)",
      "dist_km": 5.45,
      "demand_gwh": 3140,
      "pareto_layer": 1,
      "smaa_rank1_pct": 24.7,
      "smaa_rank": 2
    }
  ]
}