{
  "scenario": "SMAX",
  "n_clusters": 3,
  "clusters": [
    {
      "n": 9986,
      "area": 7535119.011809843,
      "ratio": 0.499982546937807,
      "mw": 339.08035553144293,
      "nearest_complex": "부발(SK하이닉스M14/M15/M16)",
      "dist_km": 2.09,
      "demand_gwh": 1829.1,
      "pareto_layer": 1,
      "smaa_rank1_pct": 74.6,
      "smaa_rank": 1
    },
    {
      "n": 5694,
      "area": 5010564.104254374,
      "ratio": 0.4993858422416473,
      "mw": 225.47538469144683,
      "nearest_complex": "부발(SK하이닉스M14/M15/M16)",
      "dist_km": 4.49,
      "demand_gwh": 1829.1,
      "pareto_layer": 2,
      "smaa_rank1_pct": 0.0,
      "smaa_rank": 3
    },
    {
      "n": 5108,
      "area": 3557590.5837045508,
      "ratio": 0.49995333665892555,
      "mw": 160.09157626670478,
      "nearest_complex": "SK하이닉스 이천캠퍼스 (대형 소비처)",
      "dist_km": 7.41,
      "demand_gwh": 3140,
      "pareto_layer": 1,
      "smaa_rank1_pct": 25.4,
      "smaa_rank": 2
    }
  ]
}