{
  "scenario": "SMAX",
  "n_clusters": 2,
  "clusters": [
    {
      "n": 8442,
      "area": 5256859.588231625,
      "ratio": 0.4998879136795118,
      "mw": 236.55868147042312,
      "nearest_complex": "LG디스플레이 파주사업장 (대형 소비처)",
      "dist_km": 5.14,
      "demand_gwh": 4300,
      "pareto_layer": 1,
      "smaa_rank1_pct": 100.0,
      "smaa_rank": 1
    },
    {
      "n": 1751,
      "area": 1954844.3411778416,
      "ratio": 0.49944655832859247,
      "mw": 87.96799535300288,
      "nearest_complex": "당동일반산업단지",
      "dist_km": 5.97,
      "demand_gwh": 220.8,
      "pareto_layer": 2,
      "smaa_rank1_pct": 0.0,
      "smaa_rank": 2
    }
  ]
}