{
  "scenario": "S3",
  "n_clusters": 3,
  "clusters": [
    {
      "n": 4808,
      "area": 3171347.6820875746,
      "ratio": 0.4997855012347067,
      "mw": 142.71064569394085,
      "nearest_complex": "LG디스플레이 파주사업장 (대형 소비처)",
      "dist_km": 5.3,
      "demand_gwh": 4300,
      "pareto_layer": 1,
      "smaa_rank1_pct": 100.0,
      "smaa_rank": 1
    },
    {
      "n": 1751,
      "area": 1954844.3411778416,
      "ratio": 0.49944655832859247,
      "mw": 87.96799535300288,
      "nearest_complex": "당동일반산업단지",
      "dist_km": 5.97,
      "demand_gwh": 220.8,
      "pareto_layer": 2,
      "smaa_rank1_pct": 0.0,
      "smaa_rank": 2
    },
    {
      "n": 2735,
      "area": 1554529.5059964205,
      "ratio": 0.49967516990040817,
      "mw": 69.95382776983891,
      "nearest_complex": "LG디스플레이 파주사업장 (대형 소비처)",
      "dist_km": 7.48,
      "demand_gwh": 4300,
      "pareto_layer": 2,
      "smaa_rank1_pct": 0.0,
      "smaa_rank": 3
    }
  ]
}