{
  "scenario": "S0",
  "n_clusters": 1,
  "clusters": [
    {
      "n": 2601,
      "area": 1180967.820720275,
      "ratio": 0.4998886253345413,
      "mw": 53.143551932412365,
      "nearest_complex": "LG디스플레이 파주사업장 (대형 소비처)",
      "dist_km": 5.67,
      "demand_gwh": 4300,
      "pareto_layer": 1,
      "smaa_rank1_pct": 100.0,
      "smaa_rank": 1
    }
  ]
}